{
  "problem_size": {
    "num_jobs": 10,
    "num_machines": 3
  },
  "benchmark_results": [
    {
      "strategy_name": "optimized_shortest_processing_time_run_1",
      "execution_time": 0.0004117379994568182,
      "memory_peak": 0.010708808898925781,
      "makespan": 76,
      "job_sequence": [
        1,
        3,
        4,
        6,
        7,
        8,
        2,
        5,
        9,
        0
      ],
      "num_jobs": 10,
      "num_machines": 3,
      "iterations": null
    },
    {
      "strategy_name": "optimized_longest_processing_time_run_3",
      "execution_time": 0.00020590700114553329,
      "memory_peak": 0.006626129150390625,
      "makespan": 81,
      "job_sequence": [
        0,
        2,
        5,
        9,
        6,
        7,
        8,
        1,
        3,
        4
      ],
      "num_jobs": 10,
      "num_machines": 3,
      "iterations": null
    },
    {
      "strategy_name": "optimized_balanced_run_3",
      "execution_time": 0.00024587600091763306,
      "memory_peak": 0.006497383117675781,
      "makespan": 76,
      "job_sequence": [
        0,
        3,
        2,
        9,
        6,
        7,
        4,
        5,
        8,
        1
      ],
      "num_jobs": 10,
      "num_machines": 3,
      "iterations": null
    },
    {
      "strategy_name": "optimized_greedy_makespan_run_1",
      "execution_time": 0.0006244380001589889,
      "memory_peak": 0.012254714965820312,
      "makespan": 79,
      "job_sequence": [
        0,
        1,
        2,
        3,
        4,
        5,
        6,
        7,
        8,
        9
      ],
      "num_jobs": 10,
      "num_machines": 3,
      "iterations": null
    }
  ],
  "statistics": {
    "optimized_shortest_processing_time": {
      "execution_time": {
        "mean": 0.00031411099977655493,
        "median": 0.00027089400100521743,
        "stdev": 8.473248564830735e-05,
        "min": 0.0002597009988676291,
        "max": 0.0004117379994568182
      },
      "makespan": {
        "mean": 79.33333333333333,
        "median": 80,
        "stdev": 3.0550504633038935,
        "min": 76,
        "max": 82
      },
      "memory_peak_mb": {
        "mean": 0.008392016092936197,
        "median": 0.007252693176269531,
        "stdev": 0.0020064920825397055,
        "min": 0.007214546203613281,
        "max": 0.010708808898925781
      }
    },
    "optimized_longest_processing_time": {
      "execution_time": {
        "mean": 0.00021854533406440169,
        "median": 0.00020713400044769514,
        "stdev": 2.083665585395462e-05,
        "min": 0.00020590700114553329,
        "max": 0.00024259500059997663
      },
      "makespan": {
        "mean": 85.33333333333333,
        "median": 86,
        "stdev": 4.041451884327381,
        "min": 81,
        "max": 89
      },
      "memory_peak_mb": {
        "mean": 0.006905873616536458,
        "median": 0.006870269775390625,
        "stdev": 0.0002991397288519819,
        "min": 0.006626129150390625,
        "max": 0.007221221923828125
      }
    },
    "optimized_balanced": {
      "execution_time": {
        "mean": 0.0002624803340343836,
        "median": 0.0002669950008566957,
        "stdev": 1.4870207225849033e-05,
        "min": 0.00024587600091763306,
        "max": 0.00027457000032882206
      },
      "makespan": {
        "mean": 80,
        "median": 82,
        "stdev": 3.4641016151377544,
        "min": 76,
        "max": 82
      },
      "memory_peak_mb": {
        "mean": 0.006532986958821614,
        "median": 0.006497383117675781,
        "stdev": 0.00013331443707357947,
        "min": 0.006421089172363281,
        "max": 0.006680488586425781
      }
    },
    "optimized_greedy_makespan": {
      "execution_time": {
        "mean": 0.0005832110000483226,
        "median": 0.0005714959988836199,
        "stdev": 3.679582090537196e-05,
        "min": 0.000553699001102359,
        "max": 0.0006244380001589889
      },
      "makespan": {
        "mean": 79.66666666666667,
        "median": 79,
        "stdev": 1.1547005383792515,
        "min": 79,
        "max": 81
      },
      "memory_peak_mb": {
        "mean": 0.012160619099934896,
        "median": 0.012254714965820312,
        "stdev": 0.0005138573269470097,
        "min": 0.011606216430664062,
        "max": 0.012620925903320312
      }
    }
  },
  "best_strategy": "optimized_shortest_processing_time_run_1"
}